{
  "total_calls": 1500,
  "total_bot_states": 11402,
  "feature_names": [
    "turn_index_norm",
    "slots_filled_count",
    "property_filled",
    "budget_filled",
    "location_filled",
    "timeline_filled",
    "cust_utt_length",
    "hindi_ratio",
    "engagement_score",
    "busy_score",
    "hostility_score",
    "objection_score",
    "correction_score",
    "substance_score",
    "short_reply",
    "repeat_customer_utt",
    "silence_gap_sec",
    "barge_in_flag",
    "bot_collision_last",
    "bot_repeat_last",
    "consecutive_objections",
    "cust_still_engaged",
    "opener_type",
    "call_hour_bucket"
  ],
  "feature_means": {
    "turn_index_norm": 0.4967637256621646,
    "slots_filled_count": 1.453780038589721,
    "property_filled": 0.4065953341519032,
    "budget_filled": 0.5724434309770216,
    "location_filled": 0.2496930363094194,
    "timeline_filled": 0.22504823715137695,
    "cust_utt_length": 2.1960698918442922,
    "hindi_ratio": 0.28056763215185127,
    "engagement_score": 0.4057182950359586,
    "busy_score": 0.03858972110156113,
    "hostility_score": 0.03981757586388353,
    "objection_score": 0.09068584458866866,
    "correction_score": 0.0,
    "substance_score": 0.0,
    "short_reply": 0.4828100333274864,
    "repeat_customer_utt": 0.08542360989300123,
    "silence_gap_sec": 1.7151376951412034,
    "barge_in_flag": 0.2151376951412033,
    "bot_collision_last": 0.06051569900017541,
    "bot_repeat_last": 0.0813892299596562,
    "consecutive_objections": 0.2443430977021575,
    "cust_still_engaged": 0.4057182950359586,
    "opener_type": 1.249605332397825,
    "call_hour_bucket": 1.218558147693387
  },
  "nonzero_rates": {
    "turn_index_norm": 0.8684441326083143,
    "slots_filled_count": 0.7008419575513067,
    "property_filled": 0.4065953341519032,
    "budget_filled": 0.5724434309770216,
    "location_filled": 0.2496930363094194,
    "timeline_filled": 0.22504823715137695,
    "cust_utt_length": 0.8684441326083143,
    "hindi_ratio": 0.30617435537624976,
    "engagement_score": 0.4057182950359586,
    "busy_score": 0.03858972110156113,
    "hostility_score": 0.03981757586388353,
    "objection_score": 0.09068584458866866,
    "correction_score": 0.0,
    "substance_score": 0.0,
    "short_reply": 0.4828100333274864,
    "repeat_customer_utt": 0.08542360989300123,
    "silence_gap_sec": 0.5494650061392738,
    "barge_in_flag": 0.2151376951412033,
    "bot_collision_last": 0.06051569900017541,
    "bot_repeat_last": 0.0813892299596562,
    "consecutive_objections": 0.1990001754078232,
    "cust_still_engaged": 0.4057182950359586,
    "opener_type": 0.7481143659007192,
    "call_hour_bucket": 0.7189966672513594
  }
}